observation_date,CPI,CPI(t-1),CPI(t-2),CPI(t-3),Oil,Oil(t-1),Gas,Aluminum,Copper,Nickel,Palladium,Tin,Wheat US,Wheat UK,Oats,Rice,Corn,Soybean meal,Soybeans,Lumber,Cocoa,Cotton,Sugar,Cattle,Bond Yields,US500,DXY
3/1/2010,0.410628354,,,,0.06114043,0.088857744,-0.188181056,0.080789103,0.055075915,0.179960355,0.25132519,0.069767442,-0.132305679,0.01801709,-0.04735062,-0.099149094,-0.086640212,-0.027027027,-0.027380321,0.122265625,0.016112444,-0.031283582,-0.296610169,0.094309748,0.059034483,0.055630936,0.007709525
4/1/2010,0.173688491,0.410628354,,,0.06065017,0.06114043,0.015745999,-0.039113429,-0.062641084,0.045958162,-0.193756331,-0.010923913,0.113378282,0.075849515,-0.015384615,0.009445585,0.060101376,0.117867868,-0.048129313,0.016707275,0.08805668,0.022186614,-0.087349398,0.020799421,-0.045845272,0.014995716,0.009871668
5/1/2010,0.077519735,0.173688491,0.410628354,,-0.144327539,0.06065017,0.105463787,-0.093622795,-0.066827213,-0.195028681,0.059965734,-0.023078191,-0.087151394,-0.03177289,-0.072115385,-0.053295362,-0.019808743,-0.079919409,-0.107330662,-0.205751455,-0.08248062,-0.031351742,-0.063366337,-0.031892275,-0.099099099,-0.081046855,0.057917889
6/1/2010,-0.097626708,0.077519735,0.173688491,0.410628354,-0.00227212,-0.144327539,0.065747126,-0.030439122,-0.065483871,-0.080380048,-0.060237069,-0.021317284,0.046110202,-0.009708738,0.339378238,-0.185217018,-0.013240418,0.063868613,-0.093509003,-0.133189655,-0.040216289,0.030125731,0.124031008,0.036054173,-0.108484848,-0.058796509,-0.005544006
7/1/2010,0.021104306,-0.097626708,0.077519735,0.173688491,0.046349632,-0.00227212,0.075927524,0.111168296,0.146013117,0.086114268,0.154225433,0.135057471,0.37834286,0.421568627,0.03868472,0.107594937,0.105932203,0.066895369,-0.034774817,0.049229239,0.084859155,-0.006888218,0.228840125,0.002473061,-0.005778382,0.078086872,-0.053426249
8/1/2010,0.138066428,0.021104306,-0.097626708,0.077519735,-0.046728972,0.046349632,-0.240176423,-0.033232978,0.015361446,-0.011890606,0.000894099,0.06835443,0.04332955,0.075862069,0.019553073,0.05952381,0.084929757,-0.018327974,-0.071097735,-0.037440758,-0.130152548,0.083962035,0.011734694,0.00660793,-0.151452991,-0.047759167,0.019509202
9/1/2010,0.058173623,0.138066428,0.021104306,-0.097626708,0.104082729,-0.046728972,0.018733509,0.12516469,0.091070899,0.121540313,0.122382134,0.156398104,-0.021033392,-0.006410256,0.2456621,0.125842697,0.164802825,-0.012446774,-0.061928005,0.127523387,0.056343284,0.164234396,0.19667171,-0.02249453,0.013295729,0.079866889,-0.051630762
10/1/2010,0.124519889,0.058173623,0.138066428,0.021104306,0.011190853,0.104082729,0.044030044,-0.004045135,0.024741707,-0.009012876,0.162274496,0.056352459,0.077421171,0.1,0.085777126,0.156087824,0.182415361,0.12371476,-0.008971124,0.131877729,-0.009184034,0.212997782,0.234723978,-0.011909026,0.042147117,0.039401277,-0.02322335
11/1/2010,0.042064642,0.124519889,0.058173623,0.138066428,0.031035727,0.011190853,0.040932771,-0.032278752,0.005837092,-0.01039411,0.135357224,-0.049660524,-0.047446811,0.063049853,-0.082376772,-0.04281768,-0.092735043,-0.004427391,-0.044978784,-0.031635802,-0.008199643,0.023847377,-0.051877133,0.082283643,0.071728348,-0.002329521,0.055736001
12/1/2010,0.171844079,0.042064642,0.124519889,0.058173623,0.10547194,0.031035727,0.070543375,0.090346808,0.170403587,0.087527352,0.002680606,0.100224536,0.145099115,0.121655172,0.158940397,0.012265512,0.179934056,0.096946339,0.012890995,0.209561753,0.088066139,0.125543478,0.16162707,0.024198275,0.176575294,0.066440246,-0.026089097
1/1/2011,0.476323005,0.171844079,0.042064642,0.124519889,0.066068602,0.10547194,-0.016696349,0.01934765,0.012170385,0.098993964,0.03595776,0.128014842,0.063507874,-0.00885391,-0.004444444,0.111190306,0.051896208,0.028378378,0.036110331,0.032279315,0.10736703,0.174725805,0.050511311,0.046435579,0.020272315,0.021098726,-0.019332828
2/1/2011,0.493136503,0.476323005,0.171844079,0.042064642,0.107811108,0.066068602,-0.083088069,0.021365398,-0.001113338,0.061882094,0.029677419,0.059210526,-0.028749259,0.001736973,-0.058035714,-0.105837075,0.09601518,-0.063337714,0.006920689,-0.071155073,0.12022673,0.208279507,-0.131268437,0.016796875,0.020166074,0.034307992,-0.009663703
3/1/2011,0.975107203,0.493136503,0.476323005,0.171844079,0.051027703,0.107811108,0.087654321,0.018291496,-0.048149799,-0.099827586,-0.055075188,-0.016770186,-0.072627403,0.0056973,0.008124577,0.003228121,0.011080332,0.043771044,-0.023276674,0.046375816,-0.217576565,-0.023181222,-0.079456706,0.055935459,0.010465116,-0.003957784,-0.010538642
4/1/2011,0.643942954,0.975107203,0.493136503,0.476323005,0.072187739,0.051027703,0.063564132,0.05627747,-0.021545667,0.019766328,-0.000729395,0.010739103,0.05479434,0.019704433,-0.096709201,0.07186271,0.031164384,-0.03655914,0.083088438,-0.220288903,0.152825051,-0.114179104,-0.181482848,-0.040602489,-0.051495972,0.031788079,-0.040236686
5/1/2011,0.470418753,0.643942954,0.975107203,0.493136503,-0.071609833,0.072187739,-0.006403415,-0.041791045,0.000718047,-0.117426092,0.02455209,-0.1375,-0.017781826,-0.072463768,0.153903346,0.001334223,-0.002324809,-0.008649554,-0.070885003,0.039578947,-0.114260407,-0.093569222,0.044614691,-0.057110353,-0.06885047,-0.013570512,0.01972873
6/1/2011,-0.107096706,0.470418753,0.643942954,0.975107203,-0.045015803,-0.071609833,-0.060794844,-0.053053904,0.016503229,-0.008086827,-0.000129534,-0.061413043,-0.237101876,-0.114583333,-0.128865979,-0.067288474,-0.162450067,-0.054601745,0.06203372,-0.00526529,0.047333333,-0.007373443,0.13244176,0.11003861,0.029967427,-0.022308979,0.000268709
7/1/2011,0.088604567,-0.107096706,0.470418753,0.643942954,0.046511628,-0.045015803,-0.0542086,0.040374838,0.058588235,0.068483158,-0.051690634,0.082995561,0.123230641,-0.035294118,0.020710059,0.156071429,0.062798092,0.053587377,-0.02887218,0.019543974,-0.053469128,-0.370162297,0.148571429,-0.005434783,-0.108159393,-0.006655258,-0.008596373
8/1/2011,0.27575889,0.088604567,-0.107096706,0.470418753,-0.018376068,0.046511628,-0.018137848,-0.064584132,-0.070904645,-0.108148267,0.070150273,-0.135626448,0.168094885,0.06097561,0.063768116,0.085881989,0.131637996,0.075445041,-0.041742247,-0.029552716,0.031271015,0.058473736,-0.013598673,-0.036429872,-0.212056738,-0.067381317,0.004877388
9/1/2011,0.151846212,0.27575889,0.088604567,-0.107096706,-0.111885067,-0.018376068,-0.10270936,-0.127535341,-0.26507177,-0.205241354,-0.311418906,-0.160824742,-0.226874651,-0.140804598,-0.108991826,-0.092460882,-0.220092531,-0.200998424,0.016586255,-0.126748971,-0.152266058,-0.070318352,-0.149630128,0.06805293,-0.136363636,-0.077175698,0.06539032
10/1/2011,-0.206268263,0.151846212,0.27575889,0.088604567,0.069509804,-0.111885067,0.079330222,0.032875426,0.158854167,0.100736544,0.228401928,0.075282555,0.033654556,-0.003344482,0.021406728,0.040752351,0.095338983,0.039460704,0.039023559,0.050424128,0.025769231,0.034847417,0.017398181,-0.008849558,0.112558624,0.109875445,-0.031131359
11/1/2011,-0.084356133,-0.206268263,0.151846212,0.27575889,0.015216793,0.069509804,-0.090793489,-0.045242696,-0.000561798,-0.109120856,-0.070253547,-0.06087195,-0.023235869,-0.041946309,0.030688623,-0.10873494,-0.068471954,-0.083517874,-0.042617362,-0.007178107,-0.188601425,-0.104622871,-0.079284881,0.046071429,-0.026229508,-0.003006012,0.023119122
12/1/2011,-0.246651638,-0.084356133,-0.206268263,0.151846212,-0.021670429,0.015216793,-0.16951049,-0.048934397,-0.027262507,0.081291888,0.065335606,-0.067883212,0.062,0.092819615,-0.087872186,-0.008110848,0.099667774,0.090438385,-0.025681414,0.128784455,-0.019408503,0.002717391,-0.012241452,0.002731308,-0.097643098,0.024924623,0.024894676
1/1/2012,0.440019143,-0.246651638,-0.084356133,-0.206268263,0.027226581,-0.021670429,-0.169754126,0.113670506,0.093325628,0.106598985,0.083650769,0.263638737,0.020853429,0.08974359,-0.046178344,-0.043611584,-0.034743202,0.00918012,0.035449029,0.004803843,0.079641847,0.014200542,0.016239316,0.058903643,-0.042110874,0.025887429,-0.011958146
2/1/2012,0.440297355,0.440019143,-0.246651638,-0.084356133,0.105121294,0.027226581,0.051926978,0.03192446,0.02140592,-0.068083052,0.004710349,-0.020863458,-0.000179978,-0.029411765,0.101836394,0.020306377,0.026212833,0.098180678,0.029551523,0.064541833,0.045831515,-0.036981616,0.051303616,0.01607717,0.103505843,0.041674632,-0.006933938
3/1/2012,0.759455862,0.440297355,0.440019143,-0.246651638,-0.000487805,0.105121294,-0.181642885,-0.083551198,0.002069858,-0.076476684,-0.086557974,-0.050632911,-0.005625309,0.060606061,0.036363636,0.026536313,-0.009531071,0.115395601,0.006318681,-0.033682635,-0.072203673,0.037957825,-0.0128,-0.053481013,0.128088754,0.033033584,0.001523423
4/1/2012,0.30210295,0.759455862,0.440297355,0.440019143,-0.02977062,-0.000487805,0.089066918,0.021989778,-0.008262329,-0.000224417,-0.08978091,0.004444444,-0.015658943,0.018571429,-0.016812865,0.004761905,0.015011547,0.11190781,-0.023751024,0.107668474,0.020242915,-0.070252352,-0.147487844,0.00220662,-0.142154671,-0.009237875,-0.001394347
5/1/2012,-0.117347937,0.30210295,0.759455862,0.440297355,-0.147468142,-0.02977062,0.041973172,-0.058385671,-0.125227805,-0.083894501,0.019441172,-0.134469027,-0.008613027,-0.037868163,-0.158364312,-0.038253216,-0.153962837,-0.09143252,0.028243848,-0.004545455,-0.087742504,-0.175043128,-0.073193916,0.049039231,-0.181865555,-0.063116371,0.054455446
6/1/2012,-0.146639688,-0.117347937,0.30210295,0.759455862,-0.040220277,-0.147468142,0.164451827,-0.070158103,0.037797619,0.019908116,-0.069264427,-0.038903942,0.173138758,0.10787172,0.228798587,0.006687786,0.222770058,0.117110266,-0.075061191,-0.042852125,0.100531658,0.001812352,0.081025641,-0.040895503,0.052229299,0.040191388,-0.018177441
7/1/2012,-0.162978586,-0.146639688,-0.117347937,0.30210295,0.069672131,-0.040220277,0.147289586,-0.011822529,-0.029538285,-0.054054054,0.119301047,-0.043085106,0.177063567,0.005263158,0.102084831,0.089160839,0.18255132,0.237576583,-0.006174655,0.031559633,0.049626702,-0.017394935,0.071631879,-0.080702918,-0.111380145,0.00975161,0.01397744
8/1/2012,0.556515818,-0.162978586,-0.146639688,-0.117347937,0.098659004,0.069672131,-0.127758781,0.011227315,0.017434988,0.015873016,-0.006577383,0.05897721,-0.001399384,0.068062827,0.003261579,-0.038202247,-0.001859888,0.009350935,0.000591716,0.027036642,0.091213389,0.084124062,-0.122177955,0.045444709,0.057220708,0.024963557,-0.017049577
9/1/2012,0.446221227,0.556515818,-0.162978586,-0.146639688,-0.020575414,0.098659004,0.184960798,0.110797977,0.090037758,0.1500625,0.026643267,0.128549682,0.003923767,-0.009803922,-0.035760728,0.030373832,-0.055590062,-0.118256131,0.073329391,-0.026324905,-0.041411043,-0.084258654,0.0297529,-0.00883185,0.045747423,0.018844444,-0.016484192
10/1/2012,-0.038892514,0.446221227,0.556515818,-0.162978586,-0.034270963,-0.020575414,0.11037594,-0.096696984,-0.054090061,-0.124504103,0.042424242,-0.076744186,-0.031401452,0.04950495,0.049224545,-0.035309362,-0.006247945,-0.004944376,-0.046556474,0.148345784,-0.0448,0.00342368,-0.047012733,0.016498434,0.048675293,-0.021462223,0
11/1/2012,-0.473808669,-0.038892514,0.446221227,0.556515818,0.022767075,-0.034270963,-0.037648971,0.113540011,0.021408451,0.087833644,0.015951103,0.095717884,-0.004473241,0.047169811,-0.05848329,0.024848892,-0.004632694,-0.081987578,0.178850043,0.061028501,0.079145729,0.03909582,-0.000513875,-0.006642926,-0.049353702,0.008024251,0.003627267
12/1/2012,-0.269306449,-0.473808669,-0.038892514,0.446221227,0.004866619,0.022767075,-0.05769772,-0.026055919,0.003861004,-0.027104137,-0.003595011,0.068045977,-0.088731905,-0.072972973,-0.048464164,-0.030144168,-0.060837766,-0.048037889,0.028431373,0.087883212,-0.128443927,0.036393487,0.010282776,0.047225095,0.085908529,0.02105077,-0.006854437
1/1/2013,0.295730419,-0.269306449,-0.473808669,-0.038892514,0.038295964,0.004866619,-0.005973716,0.007818226,0.025,0.074780059,0.091230395,0.06155833,-0.006837129,0.03765792,0.030129125,0.046959459,0.048141593,0.010897891,-0.002859867,-0.039184112,-0.020035619,0.097029703,-0.040712468,-0.01514154,0.132612408,0.036729037,-0.007027231
2/1/2013,0.819002953,0.295730419,-0.269306449,-0.473808669,-0.042066166,0.038295964,0.048978365,-0.045090909,-0.053336907,-0.091405184,-0.020242915,-0.049067315,-0.083173385,-0.058768438,0.086350975,0.011939335,-0.028031071,0.017576752,0.008604207,0.077653631,-0.024988642,0.010589651,-0.027055703,-0.048462567,-0.05678392,0.011029412,0.035258435
3/1/2013,0.261450858,0.819002953,0.295730419,-0.269306449,-0.006762849,-0.042066166,0.136923518,-0.044173648,-0.043035108,-0.002942943,0.035123967,-0.018550107,-0.044131193,-0.029850746,0.012820513,-0.024872449,-0.05628909,-0.06817135,-0.05521327,0.016848108,0.011183597,0.056322934,-0.034896401,0.011942396,-0.00106553,0.03338843,0.013793945
4/1/2013,-0.103963948,0.261450858,0.819002953,0.295730419,-0.075624149,-0.006762849,0.093474427,-0.02310757,-0.057100592,-0.078368773,-0.00425815,-0.115794047,0.068070319,-0.01025641,0.04556962,-0.028449967,0.000736377,0.057340583,-0.029345372,-0.118786643,0.099539171,-0.034156239,-0.003954802,-0.03262756,-0.1104,0.019673704,-0.016134859
5/1/2013,0.178040777,-0.103963948,0.261450858,0.819002953,-0.016401493,-0.075624149,-0.086866359,0.025421425,0.035142767,-0.031176471,0.006147267,0.012285012,-0.032467532,-0.046632124,-0.089588378,0.031302592,-0.026857984,0.045582048,0.020031008,-0.116864333,-0.081726739,-0.072595705,-0.061259217,0.03566559,0.293165468,0.022431373,0.019703831
6/1/2013,0.239970809,0.178040777,-0.103963948,0.261450858,0.017473789,-0.016401493,-0.104970982,-0.078748509,-0.080933616,-0.077649599,-0.0900518,-0.051893204,-0.073825503,-0.095380435,0.063829787,0.031331593,0.026086957,0.09613235,-0.002158317,-0.032754668,0.005476951,0.04140448,0.022960725,0.03866408,0.156699119,-0.017950292,-0.001680269
7/1/2013,0.039399753,0.239970809,0.178040777,-0.103963948,0.057998037,0.017473789,-0.026783197,0.033236437,0.033970976,0.024795202,0.086629689,0.030157186,0.012021358,-0.01171523,-0.1475,-0.001265823,-0.264554164,-0.110544565,-0.017638995,0.054859465,0.043576941,0.031782477,0.001181335,0.024683122,0.035671343,0.053272926,-0.018273623
8/1/2013,0.120293156,0.039399753,0.239970809,0.178040777,0.057415824,0.057998037,0.043163384,-0.011415105,0.036682616,-0.018628221,-0.023641615,0.039264414,-0.000572824,-0.04224924,0.114369501,0.004435995,0.004509018,0.105480394,-0.020426306,0.028250401,0.048716833,-0.016865777,-0.03539823,0.023111979,0.097910217,-0.026846633,0.0047759
9/1/2013,0.116300449,0.120293156,0.039399753,0.239970809,-0.049298246,0.057415824,-0.012218828,0.017892364,0.020923077,0.009890909,-0.005021669,0.109516978,0.022820513,-0.002221517,-0.163815789,-0.048580442,-0.119700748,-0.150591164,0.043139655,0.075554168,0.096640398,0.025851799,0.108868502,0.042125358,-0.078604159,0.023319616,-0.021694089
10/1/2013,-0.257528326,0.116300449,0.120293156,0.039399753,0.006181952,-0.049298246,0.004779308,-0.012733564,-0.006931887,0.05149071,0.038440265,-0.019396552,-0.0153068,0.049618321,0.043273013,-0.000331565,-0.030594901,-0.012210012,-0.032250885,0.052249637,0.008698941,-0.104052956,0.01103144,0.006899921,-0.020657995,0.045874293,-0.000498318
11/1/2013,-0.204242419,-0.257528326,0.116300449,0.120293156,0.005043558,0.006181952,0.09429211,-0.036730688,-0.020333839,-0.078830217,-0.046537949,-0.010769231,0.00169225,0.001515152,0.086726998,0.056053068,-0.030391584,0.127070457,-0.04206477,0.017931034,0.064491939,0.007388205,-0.06273868,0.004548211,0.075390625,0.028909143,0.005359591
12/1/2013,-0.00858115,-0.204242419,-0.257528326,0.116300449,0.012773723,0.005043558,0.082076195,0.025614903,0.073729864,0.034944238,0.005865512,-0.006443013,-0.095308576,-0.016641452,-0.009021513,-0.025125628,0.01748041,-0.04145646,0.049651891,-0.024661247,-0.048256428,0.088522903,-0.046565774,0.007425294,0.103523429,0.017439446,-0.005578973
1/1/2014,0.372024767,-0.00858115,-0.204242419,-0.257528326,-0.041441441,0.012773723,0.146030246,-0.051511281,-0.072129256,0.005747126,0.013398126,-0.020572451,-0.083040008,-0.055384615,0.137254902,-0.008376289,0.027251185,-0.023569794,-0.016114276,-0.009169214,0.071798668,0.014539007,-0.051282051,0.013302972,-0.12244898,-0.032784655,0.013339983
2/1/2014,0.369790865,0.372024767,-0.00858115,-0.204242419,0.028571429,-0.041441441,-0.032989691,0.028815081,0.004975124,0.045428571,0.024112892,0.055707763,0.123900663,0.100977199,0.280788177,-0.018843405,0.058823529,0.104991798,0.095627549,-0.01570387,-0.002071823,0.022952348,0.12998713,0.013601419,-0.021005251,0.038537271,-0.016978346
3/1/2014,0.644004413,0.369790865,0.372024767,-0.00858115,-0.01626462,0.028571429,-0.068869936,0.018526597,-0.057549505,0.085610823,0.043478261,-0.01384083,0.115853952,-0.027218935,-0.230769231,0.033112583,0.092592593,0.01378579,-0.012306149,-0.04017094,0.019031142,0.059567198,0.011958998,0.036172695,0.044444444,0.010021668,0.002503129
4/1/2014,0.329675445,0.644004413,0.369790865,0.372024767,0.00390117,-0.01626462,0.098465766,0.00899486,-0.006565988,0.151236705,0.062051282,0.006491228,0.039331494,0.018856448,0.04625,0.000641026,0.023429711,0.05334728,-0.018279108,-0.003265064,-0.010865874,0.015156401,-0.000562746,0.020833333,-0.024578136,0.008045052,-0.007365793
5/1/2014,0.349260984,0.329675445,0.644004413,0.369790865,0.014988897,0.00390117,-0.051282051,0.040894297,0.042630535,0.047452438,0.009717528,0.011068503,-0.134808158,-0.128358209,-0.113500597,-0.039077514,-0.094008768,-0.010923535,0.029321663,-0.069982132,0.049776862,-0.086509953,-0.017454955,0.087424159,-0.065814216,0.022213355,0.010690479
6/1/2014,0.186212694,0.349260984,0.329675445,0.644004413,0.025524157,0.014988897,-0.02285212,0.013458401,0.011093502,-0.001304802,0.048000478,-0.025902939,-0.075301638,-0.08869863,-0.083557951,-0.024,-0.088709677,-0.08313253,-0.022350417,0.072366314,0.016677567,-0.095629999,0.033810888,0.083591174,0.018518519,0.017306441,-0.007093081
7/1/2014,-0.039019396,0.186212694,0.349260984,0.329675445,-0.061333333,0.025524157,-0.138970092,0.065325285,0.010658307,-0.035798275,-0.041581109,0.003274191,-0.081883069,-0.079293499,0.041176471,-0.114754098,-0.157522124,-0.143889619,-0.058314801,-0.028665273,0.034737858,-0.201102281,-0.086474501,0.033656322,0.012648221,-0.014581734,0.020679283
8/1/2014,-0.167051417,-0.039019396,0.186212694,0.349260984,-0.025094697,-0.061333333,0.05719509,0.048350541,-0.024193548,0.016260163,0.080759388,-0.042734289,0.057656471,-0.009387755,0.072740113,-0.029320988,0.00140056,0.124840113,-0.009309892,0.072241008,0.009325459,0.067704155,-0.056432039,-0.006883434,-0.080015613,0.037902388,0.016331041
9/1/2014,0.075256882,-0.167051417,-0.039019396,0.186212694,-0.079456047,-0.025094697,0.020256917,-0.07110257,-0.045454545,-0.132533333,-0.129955947,-0.069335668,-0.149943048,-0.110012361,-0.120473996,0.013513514,-0.104195804,-0.308846941,0.069924143,-0.042431193,0.008315368,0.001051841,0.053376206,0.074099407,0.060670344,-0.019009505,0.038057267
10/1/2014,-0.251227781,0.075256882,-0.167051417,-0.039019396,-0.094122613,-0.079456047,-0.029782082,0.068399276,0.015984016,-0.037749769,0.005063291,-0.027226375,0.121432908,0.092592593,0.003742515,-0.054901961,0.169398907,0.280684436,0.165732562,-0.018263473,-0.114233354,-0.031972381,-0.023199023,-0.004033114,-0.0764,0.025624681,0.013500931
11/1/2014,-0.539941794,-0.251227781,0.075256882,-0.167051417,-0.182877111,-0.094122613,-0.007986024,-0.02722982,-0.06358571,0.026451984,0.014483627,0.02412091,0.077012117,0.11440678,-0.134228188,0.02033195,-0.001335113,0.002312436,-0.086642599,-0.003964623,0.013103448,-0.069933323,-0.03,-0.014194373,-0.056734517,0.025854568,0.012402389
12/1/2014,-0.567010091,-0.539941794,-0.251227781,0.075256882,-0.172915182,-0.182877111,-0.28427673,-0.083727295,-0.005250263,-0.056893869,-0.002793296,-0.051428571,0.021668285,-0.009505703,0.047372954,-0.062220415,0.059491979,-0.067418611,-0.043831667,0.013472137,-0.00714772,0.004668223,-0.06443299,-0.046482466,0.01010101,-0.003998546,0.024954628
1/1/2015,-0.470589237,-0.567010091,-0.539941794,-0.251227781,-0.092037229,-0.172915182,-0.063620387,0.005702648,-0.116819141,-0.006666227,-0.02141301,-0.003404924,-0.147833316,-0.071017274,-0.09375,-0.083261058,-0.066876972,-0.093183068,-0.11500603,-0.026888218,-0.080562221,-0.016262861,0.018595041,-0.074823145,-0.248636364,-0.031386861,0.046702081
2/1/2015,0.434304492,-0.470589237,-0.567010091,-0.539941794,0.186408504,-0.092037229,0.010135135,-0.022951262,0.087649402,-0.064119601,0.042490936,-0.061760841,0.022896964,0.024793388,0.064428312,-0.000946074,0.035835024,0.071536829,-0.053446608,-0.078857498,0.156599553,0.08974359,-0.062204192,-0.007205176,0.212946158,0.057020849,0.008458448
3/1/2015,0.595172161,0.434304492,-0.470589237,-0.567010091,-0.11712,0.186408504,-0.02006689,-0.012159735,0.006959707,-0.126020589,-0.068277503,-0.07535014,-0.000720195,-0.02016129,-0.097186701,0.024621212,-0.015665796,-0.076661952,0.025114659,-0.063363667,-0.133784655,-0.026160991,-0.13482336,0.077264873,-0.037406484,-0.021863118,0.03187251
4/1/2015,0.203287325,0.595172161,0.434304492,-0.470589237,0.210221095,-0.11712,0.037921881,0.071058889,0.049472535,0.12997563,0.035101506,-0.034837928,-0.072558339,-0.098765432,-0.099150142,-0.081330869,-0.038461538,-0.022977941,-0.022369971,-0.086002159,0.115370301,0.078206962,0.095833333,-0.022227314,0.061658031,0.012026239,-0.036577931
5/1/2015,0.509723203,0.203287325,0.595172161,0.434304492,-0.017819706,0.210221095,-0.044574351,-0.107613948,-0.041941075,-0.095614666,-0.016069847,-0.029817954,0.003927499,0.01369863,-0.014675052,-0.043259557,-0.033103448,-0.044214487,0.020564689,0.07519685,0.031031031,-0.051304732,-0.08365019,0.043824701,0.038555393,0.01164326,0.0219363
6/1/2015,0.350287,0.509723203,0.203287325,0.595172161,-0.039182802,-0.017819706,0.076864245,-0.029123372,-0.051013025,-0.049284579,-0.128600823,-0.101908767,0.285041841,0.092342342,0.085106383,0.07150368,0.172610556,0.176509186,0.007946599,0.058220432,0.066019417,0.052680653,0.029045643,-0.038616974,0.115131579,-0.024916944,-0.013622291
7/1/2015,0.006704716,0.350287,0.509723203,0.203287325,-0.182005712,-0.039182802,-0.032315341,-0.045070847,-0.104079299,-0.079431438,-0.098288076,0.15129683,-0.190671551,-0.018556701,-0.05,0.133954858,-0.099756691,-0.01115449,0.003795558,-0.126297578,-0.027625987,-0.05698258,-0.097580645,-0.009808501,-0.072903498,0.021538087,0.017158401
8/1/2015,-0.141627628,0.006704716,0.350287,0.509723203,0.02657614,-0.182005712,-0.014311927,0.006471981,-0.005957447,-0.105812897,-0.018821604,-0.123904881,-0.026150102,-0.048319328,-0.01754386,0.024664647,-0.02027027,-0.095036661,-0.007573633,-0.077227723,-0.018108024,-0.015654352,-0.043789097,-0.049528302,0.006363636,-0.063490173,-0.013268875
9/1/2015,-0.155675658,-0.141627628,0.006704716,0.350287,-0.085411943,0.02657614,-0.061057334,-0.018350063,0.002140411,0.046216353,0.150959133,0.096428571,0.058352096,0.026490066,-0.051470588,0.113597973,0.069655172,-0.038952945,0.074482759,-0.028755365,-0.007949126,-0.040235369,0.202803738,-0.119007444,-0.077687444,-0.032052913,0.003544251
10/1/2015,-0.044968375,-0.155675658,-0.141627628,0.006704716,0.022727273,-0.085411943,-0.100713719,-0.064866592,-0.021358394,-0.025242718,-0.056521739,-0.03713355,0.017565088,-0.015053763,0.005537099,-0.10200986,-0.016763378,-0.010700389,0.102716808,0.121078215,0.042307692,0.050207125,0.128205128,0.073118522,0.046523017,0.089618922,0.00436273
11/1/2015,-0.211068038,-0.044968375,-0.155675658,-0.141627628,-0.098585859,0.022727273,-0.01675485,0.007517512,-0.107813182,-0.113545817,-0.160522273,0.01217862,-0.089665887,-0.013100437,0.101321586,0.009290541,-0.041967213,-0.069485415,-0.111040076,-0.027197477,0.023062731,-0.009782266,0.022727273,-0.146981627,0.037435657,0.006029908,0.036611852
12/1/2015,-0.341709644,-0.211068038,-0.044968375,-0.155675658,-0.151725684,-0.098585859,0.060986547,-0.000678311,0.013209393,-0.011235955,0.007410796,-0.026069519,-0.004487706,-0.017699115,-0.132,-0.031380753,-0.015742642,-0.069742867,0.049236285,0.03808752,-0.033964533,0.005736138,0.022222222,0.023076923,0.034280559,-0.022896188,-0.016362367
1/1/2016,0.165310221,-0.341709644,-0.211068038,-0.044968375,-0.052840159,-0.151725684,-0.064666103,0.0356355,-0.019797199,-0.019886364,-0.091454001,0.004804393,0.007936508,-0.028828829,-0.072580645,-0.017710583,0.031988873,0.032563423,-0.004859335,-0.055815769,-0.139701307,-0.033269962,-0.129776021,-0.055037594,-0.156999564,-0.052999632,0.009737296
2/1/2016,0.082307653,0.165310221,-0.341709644,-0.211068038,0.020920502,-0.052840159,-0.228648893,0.033753892,0.045812808,-0.017391304,-0.010995602,0.076161202,-0.048020997,-0.063079777,-0.146583851,-0.082673703,-0.047169811,-0.049871654,0.058987407,0.053741215,0.082820976,-0.072763029,0.09008327,0.004137492,-0.101396793,-0.000906853,-0.013761929
3/1/2016,0.430600014,0.082307653,0.165310221,-0.341709644,0.096721311,0.020920502,0.149970709,-0.032176256,0.028732925,-0.000589971,0.091570649,0.050460171,0.044929198,0.037128713,0.082969432,-0.081016299,-0.004950495,0.044384408,-0.066739149,0.202040016,-0.017702071,0.030399434,0.069444444,-0.003486529,0.027058146,0.064704357,-0.036056223
4/1/2016,0.474106798,0.430600014,0.082307653,0.165310221,0.180119581,0.096721311,0.086092715,0.068948575,-0.016941392,0.112750885,0.046296296,0.033534743,0.027440633,0.031026253,-0.032258065,0.134063641,0.105188344,0.225794531,0.060589985,-0.031331593,0.096225774,0.094511149,0.068181818,-0.105089059,0.025784753,0.003897211,-0.017117498
5/1/2016,0.4045791,0.474106798,0.430600014,0.082307653,0.048131729,0.180119581,0.072701689,-0.043971197,0.044946437,-0.106100796,-0.023893805,-0.049985384,-0.048012327,-0.037037037,0.05,0.006439742,0.039871383,0.196864637,-0.008826731,0.012803235,-0.058002481,0.002037298,0.055927052,0.041370486,0.007650273,0.016134902,0.02999355
6/1/2016,0.328436617,0.4045791,0.474106798,0.430600014,0.005035247,0.048131729,0.281591605,0.054967949,0.013149097,0.119287834,0.216500453,0.046923077,-0.038845008,0.158653846,0.100529101,-0.03976234,-0.107606679,0.019395466,0.034631863,0.026946108,0.000987817,0.008758211,0.173287277,-0.019112628,-0.202277657,-0.003581662,0.000834986
7/1/2016,-0.16181364,0.328436617,0.4045791,0.474106798,-0.136072144,0.005035247,-0.031047424,-0.012000608,-0.063352398,0.128579003,0.039126546,0.048199853,-0.084489649,0.042738589,-0.034855769,-0.055211804,-0.078309078,-0.144798616,-0.128754913,0.030126336,-0.071710526,0.147751938,-0.06329735,-0.018928323,-0.005438477,0.041936257,-0.003128585
8/1/2016,0.091843011,-0.16181364,0.328436617,0.4045791,0.089770355,-0.136072144,0.013732394,-0.013376384,0.061531235,-0.081042988,-0.031772215,0.060002804,-0.039852851,-0.016315161,-0.175591532,-0.061460957,-0.091729323,-0.098526437,0.120197585,-0.014465409,0.033664068,-0.115493719,0.04924044,-0.00659668,0.079972659,-0.002299908,0.004079925
9/1/2016,0.240399586,0.091843011,-0.16181364,0.328436617,0.064708387,0.089770355,0.009030914,0.040673212,-0.003097345,0.074897751,0.06962963,0.061103029,0.022988506,0.031553398,0.080060423,0.05582394,0.113410596,-0.045192308,0.072513474,0.074345884,-0.054165238,0.039401344,0.138292561,-0.124241342,0.012658228,-0.00472568,-0.004584288
10/1/2016,0.124674851,0.240399586,0.091843011,-0.16181364,-0.025989604,0.064708387,0.025473322,0.037196765,0.17310253,-0.006420927,-0.136565097,0.029913997,0.038701623,0.094117647,0.230769231,-0.001016777,0.055018587,0.061765693,0.212882595,-0.119394119,-0.014135556,0.011019689,-0.056140351,-0.004239706,0.14875,-0.016328894,0.029830438
11/1/2016,-0.155546087,0.124674851,0.240399586,0.091843011,0.061576355,-0.025989604,0.123867069,-0.005544006,-0.043321983,0.073240785,0.240535772,0.015490742,-0.029447115,-0.021505376,-0.081818182,-0.01475827,-0.050035236,0.006006955,0.120248588,0.115682968,-0.106617647,0.040982415,-0.076208178,0.058298534,0.304134929,0.035789969,0.031812176
12/1/2016,0.032732139,-0.155546087,0.124674851,0.240399586,0.103054911,0.061576355,0.065710872,-0.020180023,0.096697647,-0.100802855,-0.097109976,0.002741032,0.011467492,0.065934066,0.138613861,-0.024793388,0.044510386,-0.016341923,0.01580225,-0.047762999,-0.121399177,-0.004886221,-0.012575453,0.014545455,0.017521902,0.018754262,0.008471237
1/1/2017,0.582772789,0.032732139,-0.155546087,0.124674851,-0.026292726,0.103054911,-0.121636771,0.070232627,0.00054093,-0.009424603,0.088578589,-0.055383884,0.031514766,0.010309278,0.067391304,0.016419492,0.022727273,0.068051118,-0.031364398,0.053968254,-0.017330211,0.052328844,0.044319918,-0.06886296,0.00902009,0.016177619,-0.027544442
2/1/2017,0.314611739,0.582772789,0.032732139,-0.155546087,0.01620162,-0.026292726,-0.116145501,0.076284092,-0.01225446,0.098647972,0.015063807,-0.030196276,0.051632047,-0.006802721,0.044806517,-0.031266285,0.017361111,-0.006880048,-0.031518879,0.096385542,-0.066253575,0.018664178,-0.05804878,0.024324324,-0.018691589,0.038427756,0.018782644
3/1/2017,0.081279787,0.314611739,0.582772789,0.032732139,-0.050132861,0.01620162,0.161371841,0.000257268,-0.022258712,-0.086371923,0.034540859,0.035547483,-0.028216704,0.007534247,-0.125730994,0.06401291,-0.001365188,-0.071686747,-0.095439374,0.03543956,0.067891782,0.012040309,-0.123252201,0.070440553,-0.007867495,-0.002960457,-0.009168885
4/1/2017,0.296553337,0.081279787,0.314611739,0.582772789,-0.032450578,-0.050132861,0.009947156,-0.010673868,-0.009143497,-0.052881018,0.035392132,-0.001378101,0.025551684,0.01971448,0.064659978,-0.06471183,-0.007518797,0.019467878,0.005850782,0.013531441,-0.051147228,0.018750808,-0.043118724,0.11853899,-0.047579299,0.010180276,-0.015621891
5/1/2017,0.085472183,0.296553337,0.081279787,0.314611739,-0.013685428,-0.032450578,-0.052016005,0.000259977,0.041996234,-0.05662365,-0.01113195,0.020449128,-0.027451869,-0.06,0.038743455,0.201081081,0.023415978,-0.051241248,0.036063845,-0.081151832,0.023173804,-0.023483118,-0.074074074,0.022170284,-0.030236635,0.013541885,-0.019609825
6/1/2017,0.090711101,0.085472183,0.296553337,0.081279787,-0.043384796,-0.013685428,-0.042532468,0.001039636,0.075185252,0.046901173,0.027041909,-0.019424637,0.25674228,0.078014184,0.169354839,0.0450045,0.004710633,0.031868501,-0.052399916,0.041595442,-0.04332841,-0.109840114,-0.088666667,-0.033448749,0.045639404,0.003417918,-0.013815857
7/1/2017,-0.068992264,0.090711101,0.085472183,0.296553337,0.076608784,-0.043384796,-0.047134622,-0.018174737,0.063035804,0.090933333,0.053851194,0.034102307,-0.124847115,-0.035197368,-0.013793103,0.055986219,-0.010716678,0.025682705,0.009874554,0.038293217,0.071024189,0.005841121,0.090709583,-0.007096992,-0.004753673,0.018992568,-0.028855201
8/1/2017,0.29944523,-0.068992264,0.090711101,0.085472183,0.002656546,0.076608784,0.077224199,0.097976993,-0.039848197,0.151796627,0.06257419,0.000484966,-0.079407094,-0.031708149,-0.182692308,0.015089723,-0.075152336,-0.067194929,0.090348723,0.020547945,-0.053339741,0.031358885,-0.044265594,-0.027229408,-0.076422058,0.000911669,-0.003014318
9/1/2017,0.529490589,0.29944523,-0.068992264,0.090711101,0.073618471,0.002656546,-0.002973241,0.003612717,0.046607378,-0.104626486,-0.003745079,0.005453223,0.023576768,0.003521127,0.078074866,-0.035355564,0.038799414,0.055385661,-0.104922949,0.038203407,0.037563452,-0.03392455,-0.010526316,0.065780266,0.102021627,0.019330027,0.006586762
10/1/2017,-0.06320421,0.529490589,0.29944523,-0.068992264,0.076502732,0.073618471,-0.037110669,0.036597072,-0.015735641,0.184877933,0.045302121,-0.062914306,-0.058988764,-0.01754386,0.055555556,-0.059558517,-0.025369979,0.004507405,0.143872783,0.153406266,0.022015656,0.00131138,0.043971631,0.048785292,0.014931741,0.021743447,0.014267325
11/1/2017,0.002432469,-0.06320421,0.529490589,0.29944523,0.027345669,0.076502732,0.043358568,-0.044796851,0.081694644,-0.106021204,0.069370658,0.003858521,0.032835821,-0.007142857,-0.07612782,0.105845881,-0.011569053,0.038461538,0.057633152,-0.068118129,-0.061752034,0.059371362,0.023097826,-0.034620923,0.01345103,0.026430862,-0.01607615
12/1/2017,-0.058783228,0.002432469,-0.06320421,0.529490589,0.060726809,0.027345669,-0.000659631,0.092341251,-0.022908661,0.123965093,0.01743575,0.02434337,-0.006936416,-0.017266187,-0.02034588,-0.07609131,0.027798098,-0.032098765,-0.075030807,0.038630581,-0.030612245,0.080494505,0.001328021,-0.04766537,0.007465782,0.01306447,-0.008491884
1/1/2018,0.544774545,-0.058783228,0.002432469,-0.06320421,0.036814425,0.060726809,-0.024422442,-0.007987575,-0.017849039,0.077841927,-0.049063336,0.085178236,0.051222352,-0.004392387,0.10384216,0.076289554,0.027046263,0.077168367,0.007606741,0.056124722,0.051052632,-0.018560895,-0.122679045,-0.00701396,0.121449156,0.057377815,-0.034692108
2/1/2018,0.453468997,0.544774545,-0.058783228,0.002432469,-0.064202899,0.036814425,-0.097428958,-0.036904496,-0.028954258,0.014591799,0.002518021,-0.005071462,0.097452935,0.051470588,-0.015992474,0.000402739,0.036729037,0.16044997,0.030033766,0.089413749,0.124687031,0.072279793,0.016628874,-0.006309148,0.052129222,-0.03906319,0.018306379
3/1/2018,0.22611259,0.453468997,0.544774545,-0.058783228,0.073563574,-0.064202899,0.023238381,-0.078959591,0.015226011,-0.019661387,-0.070081261,-0.022474513,-0.083753784,-0.005244755,-0.133843212,-0.003623188,0.040775401,-0.020408163,0.015100069,0.002710027,0.154051647,-0.012925827,-0.083271375,-0.084334023,-0.037334264,-0.030626322,-0.007720304
4/1/2018,0.397509156,0.22611259,0.453468997,0.544774545,0.076889786,0.073563574,0.012454212,0.135526979,-0.002187158,0.016527391,0.010115454,0.004147902,0.129955947,0.012302285,-0.002207506,0.01979798,0.009633911,0.02109375,-0.026004841,0.114285714,0.124228395,0.026434953,-0.04298459,0.057205306,0.072490033,0.00426945,0.020451262
5/1/2018,0.415891693,0.397509156,0.22611259,0.453468997,0.040991293,0.076889786,0.067655572,0.023426224,-0.037576327,0.118012422,0.027840403,-0.025846808,0.022417154,0.076388889,0.088495575,-0.080031696,0.001908397,-0.042846213,0.005584135,0.047817048,-0.159231297,0.110289734,0.083898305,0.049761175,-0.032781345,0.023145961,0.023309008
6/1/2018,0.15938757,0.415891693,0.397509156,0.22611259,0.01080942,0.040991293,-0.010504914,-0.077348666,-0.038392712,-0.025653595,-0.036013059,-0.045311364,-0.043374643,-0.028064516,0.008130081,0.032730405,-0.105396825,-0.113509193,0.076612315,-0.045304233,0.007346939,-0.095575601,-0.045347928,0.027028862,-0.001397624,0.00498615,0.007237892
7/1/2018,0.006746326,0.15938757,0.415891693,0.397509156,-0.057033736,0.01080942,-0.047945205,-0.04021164,-0.059719168,-0.061378501,-0.016721346,0.012309645,0.105132038,0.247925655,-0.045362903,-0.009174312,0.056068133,0.024346258,0.026434558,-0.211291999,-0.126418152,0.059249584,-0.135135135,-0.010447663,0.034989503,0.037945608,-0.000739723
8/1/2018,0.055554233,0.006746326,0.15938757,0.415891693,0.048872688,-0.057033736,0.043165468,0.031238515,0.036164088,-0.085224227,0.044021096,-0.050645606,-0.030207394,-0.026595745,0.011615628,-0.089225589,-0.055107527,-0.105340376,0.113461055,-0.043697848,0.062152134,-0.071516646,0.007575758,-0.001336452,-0.033130494,0.029122776,0.006662437
9/1/2018,0.116202518,0.055554233,0.006746326,0.15938757,0.065645514,0.048872688,0.036896552,-0.013779995,-0.044799444,-0.021484375,0.097216495,-0.003565298,-0.052068805,-0.038251366,0.111691023,-0.089648799,0.014935989,0.001311906,-0.055849218,-0.21216992,-0.10349345,-0.078111795,0.04981203,0.05988625,0.072377622,0.005504903,-0.000840424
10/1/2018,0.176676346,0.116202518,0.055554233,0.006746326,-0.097837903,0.065645514,0.09211839,-0.053601542,0.024904563,-0.077644711,0.001597294,0.013517095,-0.017655714,-0.028409091,0.040375587,0.084263959,0.018220042,0.003603013,-0.115168825,-0.065870009,0.088650755,0.007071765,0.174574754,-0.029987374,0.028692533,-0.074080411,0.020712859
11/1/2018,-0.334934852,0.176676346,0.116202518,0.055554233,-0.196947383,-0.097837903,0.378501827,0.008654703,-0.051259312,-0.023371565,0.080675422,-0.029419456,0.053919121,0.009356725,0.038808664,0.019662921,0.026152787,0.029373368,-0.028699152,0.052106084,-0.051454139,0.04863459,-0.012957317,-0.05043931,-0.037400951,0.032335551,0.000515039
12/1/2018,-0.319396282,-0.334934852,0.176676346,0.116202518,-0.097699233,-0.196947383,-0.354760327,-0.102712934,0.059637315,-0.054509196,0.039496528,0.047959046,-0.046669825,0.00811124,-0.043440487,-0.072084481,0.006706908,-0.029169309,0.043535088,-0.016903915,0.141037736,-0.102678571,-0.065637066,0.019191227,-0.11557458,-0.102201539,-0.010089571
1/1/2019,0.190659667,-0.319396282,-0.334934852,0.176676346,0.128233555,-0.097699233,-0.030469017,0.050344537,0.051693719,0.168502461,0.094530271,0.071860136,0.026594053,-0.022988506,0.030881017,0.052944087,0.003331113,0.012410189,-0.062871419,0.263348416,-0.101694915,0.027501382,0.049586777,-0.04135844,-0.015264334,0.079645136,-0.00624025
2/1/2019,0.422705314,0.190659667,-0.319396282,-0.334934852,0.088765149,0.128233555,-0.009533898,0.013790333,-0.002013085,0.047533093,0.143663691,0.038498441,-0.111810261,-0.032058824,-0.096035242,-0.022556391,-0.039176627,-0.02483871,-0.064693629,-0.092645654,0.020248504,-0.023402824,0.011811024,0.003156787,0.027977316,0.028621549,0.007012036
3/1/2019,0.564135836,0.422705314,0.190659667,-0.319396282,0.01654633,0.088765149,-0.050623886,-0.006603275,-0.001008573,-0.003254834,-0.097765177,-0.011433191,0.00080654,-0.007900334,0.064327485,0.043269231,-0.014512785,0.012570294,-0.086270456,-0.055263158,0.032927379,0.068861038,-0.024902724,0.016223776,-0.106289077,0.021272776,0.009977136
4/1/2019,0.529500161,0.564135836,0.422705314,0.190659667,0.061408701,0.01654633,-0.034171986,-0.042674821,-0.094396769,-0.059546677,0.014529188,-0.079672897,-0.068043213,-0.013782542,0.135531136,-0.062211982,-0.008415147,-0.033649134,0.008110604,-0.062952646,0.051091703,-0.011596444,-0.011971269,-0.020988164,0.032510288,0.038846898,0.003601564
5/1/2019,0.212875859,0.529500161,0.564135836,0.422705314,-0.140666388,0.061408701,-0.049766719,-0.025413137,0.030843553,-0.021037582,-0.035602361,-0.049631886,0.184911657,-0.031055901,0.022580645,0.12039312,0.205799151,0.086206897,-0.064569099,-0.100178359,0.00166182,-0.111458741,-0.020193861,-0.054614465,-0.152650458,-0.072419628,0.001127858
6/1/2019,0.019914718,0.212875859,0.529500161,0.564135836,0.05532122,-0.140666388,-0.046644845,0.011399259,-0.014239366,0.066346756,0.157226526,0.006411113,0.046587771,-0.047435897,-0.087539432,-0.03245614,-0.004692082,-0.016495487,0.071672415,0.266600595,0.023226877,-0.015551643,0.047815334,0.022304833,-0.038099718,0.083546151,-0.014235969
7/1/2019,0.167094162,0.019914718,0.212875859,0.529500161,-0.014757879,0.05532122,-0.039484979,-0.008453085,-0.046260742,0.133828996,-0.007738523,-0.079230259,-0.082205722,-0.01076716,-0.111495246,0.081595648,-0.053034767,-0.057278481,-0.031690373,-0.106937924,-0.052290231,-0.048137109,-0.043273013,0.026909091,-0.009779951,8.42E-05,0.024311688
8/1/2019,-0.005066824,0.167094162,0.019914718,0.212875859,-0.082540178,-0.014757879,0.022341376,-0.017192384,0.011119632,0.234167386,0.008884794,-0.072211012,-0.051581109,-0.108843537,0.007782101,-0.027242246,-0.107031736,-0.029540114,0.236318197,0.09521028,-0.039777588,-0.083450759,-0.078947368,-0.057152975,-0.255308642,-0.023314536,0.002434324
9/1/2019,0.078344858,-0.005066824,0.167094162,0.019914718,0.009863946,-0.082540178,0.016171329,-0.002023999,0.020857035,-0.043624161,0.075083988,-0.008855057,0.074413268,0.06870229,0.064671815,0.033606204,0.07804878,0.02905569,-0.069878574,-0.021333333,0.092650334,0.040143492,0.129464286,0.070757906,0.107427056,0.028610824,0.00576748
10/1/2019,0.228619055,0.078344858,-0.005066824,0.167094162,0.001178848,0.009863946,0.134193548,0.038533971,0.028417533,-0.023538012,0.074876369,0.038557994,0.024685139,0.039285714,0.088848595,-0.014589412,0.006464124,0.023193277,-0.036311218,0.082561308,-0.020383204,0.056988011,-0.014229249,0.035426166,0.011377246,0.017426273,-0.021126761
11/1/2019,-0.053624303,0.228619055,0.078344858,-0.005066824,0.021530698,0.001178848,-0.122108457,0.004184684,0.024020228,-0.181015122,0.023878743,-0.006942348,0.066627335,-0.024054983,0.087427144,0.055414552,-0.044958253,-0.04434954,0.06175065,0.031965769,0.081980857,0.015226849,0.040096231,-0.037262873,0.063351095,0.036314229,0.009969168
12/1/2019,-0.090976953,-0.053624303,0.228619055,0.078344858,0.093528734,0.021530698,-0.056587473,-0.009584665,-0.005996473,0.03345521,0.053700896,0.040121581,0.031564586,0.031690141,-0.104900459,0.033667335,0.043039677,0.028532142,0.004963407,-0.014634146,-0.029230769,0.060759106,0.038550501,0.023786066,0.068485523,0.028843862,-0.018011601
1/1/2020,0.387976994,-0.090976953,-0.053624303,0.228619055,-0.154344225,0.093528734,-0.152014652,-0.058064516,-0.079311568,-0.095170706,0.163017032,-0.045149036,-0.014977659,0.030716724,0.035928144,0.052733618,-0.018697614,-0.027740642,0.018332135,0.075,0.090729002,-0.031020055,0.079435783,-0.062757767,-0.211047421,-0.004402224,0.009015544
2/1/2020,0.274061813,0.387976994,-0.090976953,-0.053624303,-0.128383191,-0.154344225,-0.084773218,0.01935676,-0.01618809,-0.04516129,0.126850227,-0.004743688,-0.046940775,0.092715232,-0.130470685,-0.001104972,-0.036793693,0.026125816,-0.034062831,-0.072300253,-0.014892844,-0.079213818,-0.019944979,-0.02530253,-0.27014531,-0.10014739,0.007702578
3/1/2020,-0.217645103,0.274061813,0.387976994,-0.090976953,-0.469050051,-0.128383191,-0.030678466,-0.122699387,-0.119294809,-0.063063063,-0.106781387,-0.101937269,0.079961923,-0.042424242,0.002849003,0.032448378,-0.068894952,0.07839196,0.033071442,-0.32712832,-0.176253687,-0.178363519,-0.270877193,-0.108352144,-0.4,-0.116551724,0.009070526
4/1/2020,-0.668694187,-0.217645103,0.274061813,0.387976994,0.036937284,-0.469050051,0.178332319,-0.028638029,0.042482206,0.058566434,-0.127838369,0.028933402,-0.079100926,-0.044303797,0.193181818,0.169285714,-0.088644689,-0.099409755,-0.012557481,0.180376245,0.101163832,0.129305255,0.010587103,-0.006582278,-0.049773756,0.120804059,0.001211999
5/1/2020,0.001950162,-0.668694187,-0.217645103,0.274061813,0.393692022,0.036937284,-0.054752066,0.045251971,0.058246213,0.024772915,0.006406314,0.025291181,-0.004077491,0.07781457,0.028571429,0.050702505,0.046623794,-0.023111418,-0.109167114,0.1321875,-0.006504065,0.006099686,0.044761905,0.141692151,0.015873016,0.055110569,-0.008372844
6/1/2020,0.547204693,0.001950162,-0.668694187,-0.217645103,0.107028754,0.393692022,-0.041530055,0.048212529,0.107459677,0.032634972,-0.007536793,0.085686465,-0.057184046,0.032258065,0.030864198,0.156976744,0.039938556,0.014124294,-0.001310943,0.211703009,-0.079378069,0.055776892,0.096627165,-0.011160714,0.028125,0.018318343,-0.009257375
7/1/2020,0.50582435,0.547204693,0.001950162,-0.668694187,0.046897547,0.107028754,0.05986317,0.073529412,0.055707264,0.076472883,0.091641439,0.070403587,0.072619776,-0.020833333,-0.170658683,-0.415075377,-0.069423929,0.005571031,-0.112035434,0.355353075,0.068444444,0.027399508,0.053200333,0.087434161,-0.186930091,0.060529941,-0.040353219
8/1/2020,0.315321052,0.50582435,0.547204693,0.001950162,0.047553411,0.046897547,0.41366326,0.032643544,0.062079669,0.119608554,0.068813161,-0.001536098,0.029955143,0.027355623,-0.003610108,0.076890034,0.103968254,0.05401662,-0.084117066,0.564705882,0.108153078,0.039923347,-0.000789266,-0.027954608,0.33271028,0.067619193,-0.013695699
9/1/2020,0.139274694,0.315321052,0.50582435,0.547204693,-0.075219298,0.047553411,-0.029680365,-0.019051651,-0.010228933,-0.061508579,0.022032631,-0.017902098,0.061341995,0.091715976,0.036231884,-0.007179896,0.089863408,0.11629435,0.00333703,-0.333834586,-0.051801802,0.01213145,0.0671406,0.004199886,-0.033660589,-0.042510556,0.017574311
10/1/2020,0.041493776,0.139274694,0.315321052,0.50582435,-0.113824994,-0.075219298,0.323137255,0.079988491,-0.002624672,0.044843049,-0.044104991,0.017516377,0.037609542,0.029810298,0.04020979,0.003214142,0.044854881,0.114184815,-0.077473476,-0.196227024,-0.100950119,0.041116674,0.054034049,-0.023038208,0.240928882,-0.025338217,0.000959488
11/1/2020,-0.061062722,0.041493776,0.139274694,0.315321052,0.278833289,-0.113824994,-0.13040901,0.095180498,0.136513158,0.060746121,0.068692325,0.04576627,-0.029107667,0,-0.04789916,0.003203845,0.060606061,0.041204437,0.006418829,0.286258776,0.263760458,0.05377441,0.021769663,0.023581483,-0.009356725,0.113803681,-0.020768985
12/1/2020,0.094147847,-0.061062722,0.041493776,0.139274694,0.077631304,0.278833289,-0.104976142,-0.014537458,0.022431259,0.037037037,0.034286677,0.089668094,0.107649556,0.073684211,0.274492498,0.00998004,0.160119048,0.113901573,0.056741961,0.361665627,-0.085714286,0.085327064,0.075601375,-0.017863472,0.097992916,0.032429083,-0.021862084
1/1/2021,0.425378349,0.094147847,-0.061062722,0.041493776,0.066213592,0.077631304,0.03960396,-0.030298692,0.005944798,0.06242497,-0.099572389,0.110046672,0.023763148,0.004901961,-0.02700831,0.064031621,0.126731657,-0.015258483,-0.054067375,0.015920284,-0.033917683,0.028542304,0.017891374,-0.003031397,0.151612903,-0.015071691,0.006671856
2/1/2021,0.547438279,0.425378349,0.094147847,-0.061062722,0.181023493,0.066213592,0.025641026,0.070896529,0.155480512,0.054943503,0.053595658,0.118610312,0.007792998,-0.004878049,0.066192171,-0.049405646,0.020947177,-0.012257169,0.027914247,0.127395716,0.041025641,0.107656095,0.038920276,0.002678636,0.302521008,0.033854696,0.004418425
